0, -1, 5, 1, 8
-1, 0, 10, 2, 16
-2, 1, 17, 1, 17
-3, 2, 22, 2, 24
-3, 2, 22, 5, 25
-4, 3, 27, 7, 28
-5, 5, 27, 8, 36
-6, 7, 27, 10, 37
-6, 7, 27, 13, 36
-7, 9, 27, 14, 44
-8, 10, 32, 16, 46
-9, 11, 37, 17, 52
-9, 11, 38, 17, 55
-10, 12, 43, 20, 53
-10, 12, 43, 22, 56
-11, 14, 43, 24, 60
-11, 13, 49, 23, 67
-11, 13, 49, 26, 65
-12, 14, 56, 25, 69
-13, 15, 62, 25, 70
-14, 16, 67, 27, 73
-15, 18, 67, 28, 79
-16, 20, 67, 30, 82
-17, 21, 73, 31, 83
-16, 20, 69, 30, 91
-17, 22, 70, 31, 90
-18, 24, 70, 32, 98
-18, 24, 70, 33, 106
-18, 25, 66, 34, 107
-19, 26, 71, 35, 113
-20, 27, 77, 35, 117
-21, 28, 83, 35, 120
-22, 30, 84, 35, 126
-22, 30, 84, 37, 128
-22, 29, 89, 38, 136
-23, 30, 95, 39, 134
-24, 32, 97, 38, 132
-25, 33, 103, 38, 135
-25, 33, 104, 39, 134
-26, 34, 111, 38, 132
-26, 35, 108, 37, 131
-26, 35, 109, 37, 134
-26, 35, 110, 37, 137
-25, 34, 107, 37, 138
-26, 35, 112, 39, 139
-27, 37, 112, 40, 147
-28, 39, 113, 41, 145
-28, 39, 114, 42, 143
-28, 38, 120, 43, 141
-29, 39, 126, 43, 142
-30, 40, 131, 44, 150
-30, 39, 137, 44, 153
-30, 38, 143, 44, 159
-30, 37, 149, 44, 162
-30, 37, 149, 46, 165
-31, 38, 154, 49, 164
-31, 38, 154, 51, 167
-32, 39, 160, 52, 173
-33, 40, 165, 54, 176
-34, 41, 170, 56, 179
-34, 41, 171, 56, 183
-34, 40, 177, 56, 186
-34, 39, 184, 55, 185
-35, 40, 190, 55, 188
-35, 40, 191, 56, 186
-36, 42, 192, 56, 189
-37, 43, 197, 59, 187
-38, 44, 202, 61, 190
-39, 45, 208, 60, 196
-39, 45, 208, 61, 204
-40, 46, 214, 61, 209
-41, 47, 220, 60, 217
-41, 47, 221, 60, 220
-40, 46, 218, 59, 221
-41, 47, 224, 58, 229
-42, 49, 225, 57, 237
-43, 50, 232, 56, 236
-43, 50, 234, 55, 242
-43, 50, 234, 58, 242
-43, 50, 235, 58, 245
-44, 51, 241, 59, 242
-45, 53, 241, 61, 246
-46, 54, 247, 61, 250
-47, 56, 248, 62, 254
-48, 58, 248, 63, 261
-48, 58, 249, 64, 260
-49, 60, 250, 63, 268
-50, 62, 250, 64, 274
-50, 62, 251, 66, 273
-50, 61, 257, 66, 276
-51, 62, 262, 68, 282
-52, 63, 267, 71, 280
-52, 62, 272, 72, 288
-52, 62, 272, 75, 287
-52, 61, 277, 77, 290
-53, 63, 279, 76, 291
-53, 63, 280, 76, 297
-54, 65, 281, 76, 300
-54, 65, 281, 77, 308
-55, 67, 281, 79, 314
-55, 68, 277, 78, 322
-56, 71, 273, 78, 328
-56, 70, 280, 77, 325
-56, 70, 280, 79, 328
-57, 71, 285, 80, 336
-58, 72, 290, 82, 339
-59, 73, 296, 83, 337
-59, 72, 301, 85, 340
-60, 73, 307, 86, 338
-60, 72, 312, 87, 344
-61, 73, 317, 88, 350
-62, 75, 319, 87, 348
-62, 75, 320, 87, 353
-62, 75, 321, 87, 356
-63, 77, 323, 86, 354
-64, 78, 329, 86, 357
-65, 81, 325, 86, 363
-66, 82, 331, 86, 369
-67, 84, 331, 88, 372
-68, 85, 336, 89, 381
-69, 86, 342, 90, 379
-70, 87, 347, 93, 377
-71, 89, 349, 92, 376
-72, 90, 355, 92, 379
-73, 91, 361, 92, 383
-73, 91, 363, 91, 383
-73, 90, 368, 93, 387
-72, 89, 364, 93, 388
-73, 91, 364, 94, 396
-74, 92, 371, 93, 396
-75, 93, 377, 93, 399
-76, 95, 377, 95, 402
-77, 96, 384, 94, 406
-78, 97, 389, 97, 405
-79, 99, 390, 97, 408
-80, 100, 395, 99, 411
-81, 102, 395, 101, 414
-82, 104, 395, 104, 412
-82, 104, 395, 106, 416
-83, 105, 400, 107, 423
-84, 107, 401, 107, 426
-84, 107, 402, 107, 430
-85, 108, 407, 109, 433
-86, 110, 407, 112, 432
-87, 112, 409, 111, 430
-88, 113, 415, 111, 433
-89, 116, 412, 110, 431
-89, 116, 413, 110, 437
-89, 117, 410, 110, 436
-90, 118, 415, 112, 439
-91, 119, 420, 113, 447
-92, 120, 427, 112, 445
-93, 121, 432, 114, 448
-94, 123, 432, 116, 451
-95, 124, 437, 118, 455
-95, 123, 442, 120, 458
-96, 126, 439, 120, 459
-96, 126, 439, 122, 462
-96, 126, 440, 123, 460
-96, 126, 440, 125, 463
-97, 128, 442, 124, 461
-98, 130, 442, 126, 465
-98, 130, 442, 128, 468
-99, 131, 448, 128, 474
-100, 132, 453, 129, 482
-101, 134, 454, 130, 480
-101, 133, 460, 130, 483
-102, 134, 466, 130, 486
-103, 136, 467, 130, 489
-104, 137, 474, 129, 487
-105, 138, 479, 131, 490
-106, 139, 484, 134, 488
-107, 141, 486, 133, 487
-107, 140, 491, 135, 490
-108, 141, 497, 135, 493
-108, 141, 497, 138, 494
-109, 142, 503, 138, 498
-109, 142, 503, 140, 501
-110, 143, 508, 141, 507
-110, 143, 508, 142, 515
-111, 144, 513, 144, 518
-111, 143, 519, 144, 521
-112, 145, 520, 144, 527
-113, 147, 521, 144, 530
-114, 148, 526, 146, 533
-114, 148, 527, 145, 539
-114, 149, 523, 145, 542
-115, 150, 529, 145, 546
-116, 152, 529, 146, 553
-116, 152, 530, 147, 551
-117, 154, 530, 149, 555
-117, 154, 531, 150, 554
-117, 153, 537, 149, 562
-117, 152, 544, 148, 560
-118, 154, 544, 150, 564
-119, 155, 550, 151, 562
-120, 157, 551, 151, 565
-121, 158, 556, 153, 568
-122, 159, 562, 153, 571
-123, 160, 567, 155, 574
-124, 162, 567, 157, 577
-124, 162, 567, 159, 583
-124, 161, 573, 159, 587
-125, 162, 579, 159, 591
-126, 163, 585, 159, 594
-126, 163, 587, 158, 592
-126, 164, 583, 158, 595
-127, 165, 588, 161, 593
-128, 167, 588, 163, 597
-129, 168, 594, 163, 600
-130, 169, 600, 163, 604
-131, 171, 600, 165, 607
-131, 170, 606, 166, 611
-131, 170, 607, 166, 614
-131, 170, 607, 169, 613
-131, 170, 608, 169, 616
-131, 170, 608, 171, 621
-131, 170, 609, 171, 624
-131, 170, 609, 173, 627
-132, 171, 616, 173, 628
-133, 173, 616, 175, 631
-134, 174, 622, 175, 635
-135, 175, 627, 178, 633
-136, 176, 632, 181, 631
-137, 178, 632, 184, 630
-138, 180, 632, 185, 638
-137, 179, 629, 184, 637
-137, 179, 629, 185, 643
-138, 181, 631, 184, 647
-139, 183, 633, 183, 646
-140, 185, 633, 186, 645
-141, 186, 639, 186, 651
-141, 187, 635, 185, 657
-142, 188, 640, 187, 662
-142, 187, 646, 187, 666
-143, 188, 652, 187, 669
-143, 188, 652, 189, 672
-144, 190, 653, 190, 671
-144, 191, 649, 191, 675
-144, 191, 650, 191, 679
-144, 190, 655, 192, 685
-145, 191, 662, 191, 689
-146, 192, 667, 192, 697
-147, 193, 672, 195, 695
-147, 193, 673, 195, 698
-148, 194, 678, 197, 701
-149, 195, 683, 200, 699
-148, 194, 680, 199, 698
-149, 195, 685, 201, 701
-149, 194, 690, 202, 709
-150, 196, 691, 202, 714
-151, 197, 697, 202, 720
-151, 198, 693, 201, 728
-152, 201, 689, 200, 736
-153, 202, 695, 200, 739
-153, 202, 695, 201, 747
-154, 204, 695, 203, 750
-155, 205, 701, 204, 749
-155, 206, 697, 204, 753
-156, 208, 697, 206, 755
-156, 208, 697, 207, 761
-157, 210, 698, 207, 765
-158, 211, 705, 206, 763
-159, 212, 711, 205, 769
-160, 214, 712, 206, 767
-161, 216, 712, 207, 773
-161, 216, 713, 208, 771
-161, 216, 715, 208, 767
-162, 217, 721, 208, 770
-163, 219, 721, 209, 779
-164, 220, 727, 210, 778
-165, 221, 732, 212, 782
-165, 221, 734, 211, 781
-166, 222, 740, 211, 784
-167, 223, 746, 211, 786
-168, 224, 751, 213, 789
-169, 225, 757, 214, 787
-170, 227, 757, 216, 788
-171, 229, 757, 217, 796
-172, 231, 757, 218, 803
-173, 232, 762, 219, 811
-174, 234, 762, 222, 807
-175, 237, 758, 223, 805
-175, 237, 759, 224, 809
-175, 236, 765, 224, 811
-176, 237, 770, 225, 819
-177, 238, 776, 225, 824
-178, 239, 781, 226, 832
-179, 241, 781, 228, 835
-179, 241, 782, 228, 838
-180, 243, 782, 229, 846
-181, 245, 782, 231, 850
-181, 245, 782, 234, 849
-181, 245, 783, 234, 854
-182, 247, 783, 236, 857
-183, 248, 788, 238, 863
-183, 247, 793, 239, 871
-183, 247, 794, 240, 869
-183, 248, 791, 240, 868
-184, 250, 792, 240, 871
-185, 252, 792, 242, 874
-184, 251, 788, 242, 878
-185, 252, 794, 243, 879
-186, 254, 795, 243, 882
-187, 256, 795, 245, 886
-188, 258, 795, 246, 894
-189, 259, 801, 246, 897
-188, 258, 797, 246, 898
-189, 260, 797, 248, 899
-189, 260, 798, 248, 902
-190, 261, 804, 248, 907
-191, 262, 810, 248, 910
-191, 261, 815, 250, 912
-191, 261, 815, 251, 920
-191, 261, 815, 252, 928
-192, 262, 821, 252, 931
-192, 262, 822, 252, 934
-193, 263, 828, 253, 935
-194, 265, 830, 253, 931
-195, 266, 836, 253, 934
-195, 266, 836, 255, 937
-196, 268, 836, 256, 945
-197, 269, 842, 256, 946
-197, 269, 843, 256, 948
-198, 271, 844, 256, 951
-198, 271, 846, 255, 950
-198, 271, 847, 255, 953
-199, 273, 848, 255, 956
-200, 274, 854, 256, 954
-201, 276, 855, 257, 958
-201, 276, 855, 259, 961
-201, 276, 856, 259, 964
-201, 276, 857, 259, 967
-200, 275, 853, 259, 970
-201, 277, 854, 259, 974
-202, 280, 850, 260, 972
-203, 282, 852, 259, 970
-204, 284, 853, 259, 973
-205, 286, 853, 260, 981
-206, 287, 858, 262, 984
-207, 289, 860, 261, 982
-206, 288, 857, 260, 980
-206, 288, 857, 261, 988
-207, 290, 858, 263, 987
-207, 290, 859, 264, 985
-207, 289, 866, 263, 989
-207, 288, 871, 265, 992
-207, 288, 871, 267, 997
-207, 288, 872, 267, 1000
-208, 289, 878, 267, 1003
-209, 290, 884, 267, 1006
-210, 293, 880, 267, 1012
-210, 293, 882, 266, 1011
-211, 294, 888, 266, 1014
-211, 294, 889, 266, 1018
-212, 296, 889, 267, 1026
-212, 295, 895, 266, 1034
-213, 296, 900, 268, 1039
-213, 296, 900, 269, 1047
-213, 296, 900, 272, 1046
-214, 298, 901, 272, 1051
-213, 297, 897, 272, 1054
-214, 298, 902, 274, 1057
-215, 299, 909, 274, 1058
-216, 302, 905, 275, 1056
-216, 302, 906, 276, 1055
-216, 301, 912, 276, 1059
-217, 304, 908, 276, 1062
-218, 305, 913, 279, 1061
-219, 307, 913, 282, 1062
-220, 309, 913, 284, 1066
-221, 310, 918, 286, 1069
-222, 311, 924, 287, 1068
-222, 310, 930, 286, 1076
-223, 312, 930, 289, 1074
-223, 312, 932, 288, 1072
-224, 315, 928, 288, 1075
-225, 316, 934, 289, 1073
-226, 317, 939, 290, 1082
-227, 319, 940, 291, 1086
-228, 320, 947, 290, 1085
-228, 321, 944, 289, 1083
-228, 321, 946, 288, 1081
-229, 322, 951, 290, 1084
-230, 323, 957, 290, 1087
-230, 322, 963, 291, 1085
-230, 322, 965, 290, 1083
-231, 323, 971, 291, 1082
-231, 323, 972, 291, 1088
-231, 323, 974, 290, 1086
-232, 324, 980, 292, 1085
-233, 326, 980, 293, 1093
-233, 326, 982, 292, 1097
-233, 326, 983, 293, 1095
-233, 326, 985, 294, 1091
-234, 328, 985, 295, 1100
-235, 329, 991, 296, 1098
-236, 331, 993, 295, 1099
-237, 332, 999, 295, 1103
-238, 334, 999, 298, 1101
-239, 336, 1000, 299, 1098
-240, 337, 1005, 301, 1101
-241, 339, 1006, 301, 1105
-241, 339, 1006, 302, 1113
-242, 340, 1012, 303, 1111
-242, 340, 1013, 303, 1114
-242, 341, 1010, 302, 1118
-242, 340, 1016, 303, 1116
-243, 341, 1023, 302, 1116
-243, 341, 1024, 302, 1119
-243, 340, 1029, 304, 1125
-244, 341, 1035, 304, 1129
-245, 343, 1035, 306, 1132
-246, 344, 1042, 305, 1130
-246, 344, 1042, 306, 1139
-246, 344, 1043, 307, 1137
-246, 343, 1048, 309, 1143
-247, 345, 1048, 310, 1151
-247, 345, 1049, 310, 1154
-248, 346, 1054, 312, 1157
-249, 348, 1055, 312, 1160
-250, 349, 1061, 312, 1164
-250, 349, 1062, 313, 1164
-250, 349, 1062, 314, 1170
-251, 350, 1068, 314, 1174
-252, 351, 1073, 315, 1180
-253, 352, 1078, 317, 1183
-254, 353, 1084, 316, 1191
-255, 355, 1084, 318, 1194
-255, 354, 1089, 321, 1192
-255, 354, 1090, 322, 1191
-256, 355, 1095, 324, 1194
-257, 357, 1096, 325, 1192
-258, 358, 1101, 326, 1200
-258, 358, 1101, 329, 1198
-258, 358, 1102, 330, 1202
-259, 359, 1107, 331, 1210
-260, 361, 1107, 333, 1213
-261, 362, 1113, 333, 1217
-261, 362, 1113, 334, 1223
-262, 363, 1119, 335, 1221
-263, 364, 1125, 335, 1224
-263, 364, 1125, 337, 1227
-263, 364, 1126, 337, 1230
-263, 364, 1126, 339, 1233
-264, 365, 1132, 339, 1236
-265, 366, 1137, 340, 1244
-265, 366, 1137, 342, 1248
-266, 368, 1137, 344, 1250
-267, 369, 1143, 344, 1253
-268, 371, 1143, 346, 1256
-269, 372, 1149, 347, 1254
-270, 374, 1150, 346, 1261
-270, 374, 1150, 348, 1264
-269, 373, 1147, 347, 1268
-270, 374, 1154, 346, 1266
-271, 375, 1160, 345, 1274
-271, 375, 1161, 345, 1277
-272, 378, 1158, 344, 1275
-273, 379, 1164, 343, 1283
-274, 381, 1165, 343, 1289
-275, 382, 1170, 344, 1297
-276, 383, 1175, 346, 1301
-276, 383, 1175, 347, 1309
-277, 384, 1180, 348, 1316
-277, 384, 1181, 348, 1319
-277, 383, 1186, 349, 1327
-277, 383, 1186, 351, 1330
-278, 384, 1191, 354, 1331
-278, 383, 1196, 356, 1332
-279, 384, 1202, 356, 1335
-280, 385, 1207, 358, 1338
-281, 386, 1213, 357, 1346
-282, 388, 1214, 358, 1344
-283, 390, 1216, 357, 1342
-284, 393, 1213, 356, 1341
-285, 394, 1218, 357, 1349
-285, 394, 1218, 359, 1353
-286, 395, 1223, 360, 1361
-287, 397, 1223, 361, 1369
-288, 399, 1224, 363, 1370
-289, 401, 1224, 364, 1377
-290, 402, 1229, 366, 1380
-291, 404, 1229, 368, 1383
-291, 404, 1229, 369, 1391
-292, 406, 1231, 368, 1390
-292, 406, 1232, 368, 1393
-292, 406, 1233, 368, 1397
-292, 406, 1234, 370, 1393
-291, 405, 1230, 371, 1391
-292, 407, 1232, 370, 1392
-292, 407, 1233, 370, 1395
-293, 409, 1234, 370, 1398
-294, 411, 1234, 371, 1404
-295, 412, 1239, 372, 1412
-296, 413, 1244, 375, 1411
-297, 414, 1249, 378, 1410
-298, 415, 1254, 380, 1412
-298, 415, 1254, 381, 1420
-299, 416, 1259, 383, 1423
-300, 418, 1261, 382, 1423
-301, 419, 1266, 384, 1426
-301, 418, 1272, 385, 1423
-301, 417, 1278, 385, 1426
-302, 420, 1275, 384, 1425
-303, 421, 1280, 386, 1429
-304, 422, 1286, 386, 1432
-304, 422, 1286, 387, 1440
-305, 423, 1291, 389, 1444
-305, 423, 1292, 389, 1447
-305, 423, 1293, 389, 1450
-305, 423, 1294, 389, 1453
-306, 424, 1299, 392, 1451
-307, 425, 1305, 392, 1455
-308, 426, 1310, 393, 1463
-309, 428, 1310, 394, 1471
-310, 430, 1311, 395, 1472
-311, 431, 1318, 394, 1478
-311, 431, 1320, 393, 1476
-312, 432, 1325, 394, 1484
-313, 434, 1327, 393, 1485
-313, 434, 1327, 396, 1484
-314, 435, 1333, 396, 1487
-313, 434, 1330, 395, 1488
-314, 435, 1335, 398, 1488
-315, 436, 1341, 398, 1492
-316, 438, 1341, 400, 1495
-317, 440, 1342, 401, 1493
-318, 441, 1348, 402, 1494
-318, 440, 1355, 401, 1495
-318, 440, 1355, 402, 1503
-318, 440, 1356, 401, 1511
-319, 441, 1362, 402, 1517
-320, 442, 1367, 403, 1524
-321, 443, 1372, 404, 1530
-322, 444, 1378, 404, 1534
-323, 445, 1383, 407, 1532
-324, 446, 1388, 409, 1533
-325, 448, 1388, 410, 1541
-325, 447, 1393, 412, 1544
-326, 449, 1394, 414, 1543
-326, 448, 1400, 414, 1544
-327, 449, 1406, 414, 1547
-327, 450, 1403, 413, 1545
-327, 450, 1404, 413, 1549
-328, 452, 1404, 416, 1547
-328, 451, 1409, 418, 1549
-328, 450, 1415, 418, 1552
-329, 451, 1420, 421, 1551
-329, 451, 1420, 422, 1559
-329, 450, 1425, 423, 1568
-330, 451, 1430, 425, 1571
-331, 453, 1430, 427, 1574
-332, 454, 1437, 426, 1574
-333, 455, 1443, 426, 1577
-334, 456, 1450, 425, 1578
-335, 457, 1456, 425, 1579
-336, 458, 1462, 425, 1582
-337, 459, 1467, 426, 1590
-337, 459, 1467, 427, 1596
-338, 460, 1474, 427, 1595
-338, 460, 1475, 428, 1601
-339, 461, 1481, 428, 1604
-340, 463, 1481, 430, 1609
-341, 464, 1486, 432, 1613
-342, 465, 1492, 433, 1611
-342, 465, 1494, 432, 1610
-342, 464, 1499, 435, 1609
-343, 466, 1499, 436, 1617
-344, 469, 1495, 436, 1620
-344, 469, 1495, 437, 1628
-345, 471, 1496, 437, 1632
-346, 473, 1496, 440, 1630
-346, 473, 1496, 441, 1638
-346, 473, 1496, 443, 1641
-347, 475, 1497, 443, 1647
-347, 475, 1497, 445, 1650
-348, 476, 1503, 446, 1654
-348, 476, 1504, 446, 1655
-348, 475, 1510, 447, 1654
-349, 476, 1516, 448, 1655
-349, 475, 1522, 449, 1653
-350, 477, 1523, 450, 1654
-350, 477, 1523, 452, 1657
-350, 477, 1524, 453, 1657
-351, 479, 1524, 455, 1660
-352, 481, 1524, 458, 1659
-353, 483, 1524, 460, 1663
-353, 483, 1525, 460, 1666
-354, 485, 1525, 462, 1672
-354, 485, 1526, 463, 1671
-355, 486, 1532, 464, 1669
-356, 487, 1537, 466, 1672
-356, 486, 1542, 468, 1676
-357, 488, 1542, 469, 1684
-358, 489, 1547, 471, 1688
-359, 490, 1553, 472, 1687
-360, 491, 1559, 473, 1685
-360, 491, 1559, 474, 1693
-360, 491, 1559, 475, 1699
-361, 492, 1564, 477, 1702
-362, 493, 1569, 479, 1705
-363, 494, 1574, 480, 1713
-364, 495, 1579, 482, 1714
-364, 495, 1580, 482, 1716
-364, 495, 1581, 483, 1714
-365, 497, 1581, 484, 1722
-366, 498, 1587, 484, 1726
-366, 498, 1588, 485, 1724
-366, 498, 1589, 485, 1727
-367, 500, 1589, 486, 1735
-367, 499, 1594, 488, 1738
-368, 501, 1595, 488, 1741
-368, 502, 1591, 488, 1744
-369, 504, 1593, 487, 1742
-370, 505, 1598, 488, 1748
-371, 506, 1603, 489, 1757
-371, 506, 1603, 491, 1760
-372, 507, 1608, 493, 1764
-372, 507, 1610, 492, 1762
-372, 507, 1611, 493, 1766
-373, 509, 1611, 495, 1772
-373, 509, 1613, 494, 1773
-374, 510, 1618, 495, 1781
-375, 511, 1623, 497, 1786
-374, 510, 1619, 497, 1790
-374, 510, 1621, 496, 1788
-375, 511, 1627, 496, 1792
-375, 511, 1627, 497, 1801
-376, 512, 1632, 499, 1804
-377, 514, 1632, 501, 1808
-377, 514, 1632, 502, 1816
-378, 515, 1638, 501, 1823
-378, 515, 1638, 502, 1829
-379, 516, 1643, 503, 1837
-380, 517, 1648, 505, 1840
-381, 518, 1653, 506, 1846
-382, 519, 1658, 508, 1849
-382, 518, 1663, 510, 1853
-383, 519, 1668, 511, 1860
-384, 520, 1673, 513, 1863
-384, 519, 1680, 512, 1864
-385, 520, 1686, 512, 1866
-385, 520, 1687, 514, 1865
-386, 522, 1688, 514, 1868
-387, 524, 1688, 515, 1876
-387, 524, 1689, 515, 1879
-388, 526, 1689, 518, 1877
-388, 526, 1689, 520, 1880
-389, 528, 1690, 521, 1881
-390, 530, 1691, 521, 1883
-391, 531, 1698, 520, 1881
-391, 531, 1698, 522, 1883
-392, 532, 1703, 524, 1886
-393, 534, 1704, 525, 1890
-394, 536, 1704, 527, 1893
-395, 538, 1704, 529, 1896
-396, 540, 1706, 528, 1897
-397, 541, 1711, 531, 1895
-398, 542, 1718, 530, 1894
-398, 542, 1719, 530, 1903
-399, 543, 1724, 531, 1911
-399, 542, 1730, 531, 1914
-399, 542, 1731, 531, 1920
-398, 541, 1728, 531, 1921
-398, 541, 1730, 530, 1919
-399, 542, 1736, 530, 1923
-400, 545, 1733, 529, 1923
-401, 547, 1733, 531, 1928
-401, 547, 1734, 532, 1932
-402, 549, 1734, 534, 1935
-402, 549, 1734, 536, 1938
-402, 549, 1734, 537, 1946
-402, 549, 1734, 538, 1955
-403, 551, 1736, 537, 1953
-403, 551, 1736, 539, 1957
-404, 552, 1741, 540, 1965
-405, 553, 1746, 542, 1969
-406, 554, 1752, 543, 1967
-407, 555, 1758, 543, 1971
-407, 555, 1758, 546, 1969
-407, 555, 1759, 546, 1973
-408, 556, 1765, 546, 1976
-409, 557, 1771, 546, 1979
-410, 558, 1777, 546, 1982
-411, 559, 1782, 547, 1990
-411, 559, 1783, 548, 1988
-411, 558, 1789, 548, 1991
-411, 558, 1790, 548, 1997
-410, 557, 1786, 548, 2000
-411, 559, 1787, 548, 2003
-412, 560, 1792, 549, 2011
-412, 559, 1798, 549, 2014
-412, 558, 1804, 549, 2017
-413, 559, 1810, 549, 2021
-414, 560, 1816, 549, 2024
-415, 561, 1822, 549, 2027
-416, 563, 1823, 549, 2030
-417, 565, 1824, 550, 2028
-418, 567, 1825, 550, 2031
-418, 567, 1826, 550, 2034
-418, 567, 1826, 553, 2032
-419, 568, 1832, 553, 2036
-420, 569, 1839, 552, 2034
-421, 570, 1845, 552, 2037
-421, 570, 1847, 552, 2038
-422, 571, 1853, 553, 2036
-423, 572, 1859, 554, 2040
-424, 573, 1866, 553, 2038
-425, 574, 1872, 554, 2036
-426, 576, 1873, 554, 2039
-427, 578, 1873, 555, 2045
-428, 580, 1874, 555, 2048
-429, 582, 1874, 556, 2057
-430, 583, 1880, 556, 2060
-430, 584, 1877, 555, 2060
-431, 586, 1877, 557, 2063
-432, 587, 1882, 559, 2066
-432, 587, 1884, 559, 2065
-433, 590, 1881, 558, 2063
-432, 589, 1878, 557, 2062
-433, 590, 1884, 556, 2070
-434, 591, 1889, 557, 2076
-435, 593, 1890, 556, 2084
-435, 593, 1890, 558, 2090
-436, 594, 1896, 558, 2094
-436, 595, 1892, 557, 2100
-437, 596, 1897, 558, 2108
-437, 596, 1898, 558, 2110
-438, 598, 1898, 560, 2113
-438, 598, 1899, 560, 2114
-438, 598, 1899, 563, 2112
-438, 599, 1895, 564, 2113
-439, 600, 1901, 564, 2114
-439, 601, 1898, 563, 2113
-440, 602, 1904, 563, 2116
-441, 604, 1904, 564, 2124
-442, 605, 1910, 563, 2132
-443, 606, 1915, 564, 2140
-444, 608, 1916, 564, 2143
-445, 609, 1921, 566, 2147
-445, 609, 1921, 568, 2148
-446, 610, 1926, 571, 2146
-446, 610, 1926, 572, 2152
-446, 610, 1927, 572, 2154
-447, 611, 1934, 571, 2152
-446, 610, 1931, 570, 2150
-446, 610, 1931, 572, 2153
-447, 611, 1936, 574, 2156
-447, 612, 1932, 573, 2164
-448, 613, 1938, 572, 2172
-448, 614, 1935, 571, 2170
-448, 614, 1937, 570, 2167
-449, 615, 1944, 569, 2165
-450, 616, 1949, 570, 2171
-450, 616, 1949, 572, 2174
-451, 617, 1954, 573, 2182
-451, 617, 1955, 574, 2180
-452, 618, 1960, 576, 2186
-453, 620, 1961, 576, 2189
-454, 622, 1961, 578, 2192
-454, 622, 1961, 581, 2190
-455, 624, 1963, 580, 2188
-456, 625, 1969, 581, 2186
-456, 624, 1974, 583, 2189
-457, 626, 1975, 583, 2192
-457, 627, 1971, 584, 2196
-457, 627, 1972, 585, 2194
-458, 629, 1973, 586, 2193
-458, 629, 1974, 586, 2196
-459, 631, 1974, 588, 2199
-459, 630, 1980, 588, 2205
-459, 630, 1981, 589, 2211
-460, 632, 1983, 588, 2209
-461, 634, 1983, 590, 2212
-462, 635, 1988, 591, 2220
-462, 635, 1988, 592, 2228
-463, 636, 1993, 593, 2236
-463, 636, 1994, 594, 2242
-464, 638, 1995, 594, 2245
-464, 638, 1995, 596, 2248
-464, 638, 1995, 597, 2256
-464, 638, 1995, 599, 2259
-464, 638, 1995, 601, 2262
-465, 639, 2002, 600, 2261
-466, 640, 2008, 600, 2264
-467, 641, 2013, 602, 2269
-467, 641, 2013, 603, 2277
-467, 641, 2013, 605, 2280
-468, 642, 2018, 606, 2288
-469, 644, 2019, 607, 2287
-469, 644, 2019, 610, 2285
-469, 643, 2025, 610, 2288
-470, 644, 2030, 611, 2294
-471, 646, 2032, 610, 2293
-472, 648, 2032, 611, 2301
-473, 649, 2039, 610, 2301
-474, 650, 2044, 612, 2304
-474, 650, 2045, 612, 2307
-474, 650, 2046, 612, 2313
-475, 651, 2051, 614, 2317
-475, 651, 2052, 614, 2320
-476, 652, 2059, 613, 2319
-477, 654, 2060, 613, 2323
-477, 653, 2065, 616, 2321
-478, 655, 2066, 616, 2324
-479, 656, 2072, 616, 2327
-479, 656, 2073, 618, 2328
-480, 657, 2079, 618, 2330
-481, 659, 2079, 620, 2333
-481, 658, 2084, 621, 2341
-482, 660, 2086, 620, 2337
-483, 661, 2091, 622, 2340
-484, 664, 2088, 621, 2339
-484, 664, 2088, 622, 2347
-485, 665, 2093, 623, 2356
-486, 666, 2098, 625, 2359
-487, 668, 2100, 624, 2357
-488, 670, 2101, 623, 2363
-488, 670, 2102, 623, 2367
-489, 671, 2108, 624, 2365
-489, 671, 2108, 626, 2368
-490, 673, 2109, 626, 2371
-491, 674, 2115, 626, 2375
-491, 674, 2115, 628, 2378
-491, 675, 2111, 629, 2376
-492, 676, 2116, 630, 2384
-493, 678, 2118, 629, 2382
-494, 680, 2118, 632, 2380
-495, 682, 2119, 632, 2383
-495, 681, 2124, 634, 2386
-495, 680, 2129, 635, 2392
-496, 682, 2129, 636, 2400
-497, 683, 2134, 638, 2403
-497, 684, 2131, 637, 2399
-498, 685, 2137, 636, 2408
-498, 685, 2139, 635, 2406
-498, 685, 2140, 635, 2408
-498, 685, 2141, 636, 2406
-498, 685, 2142, 636, 2409
-497, 684, 2138, 636, 2412
-498, 686, 2138, 638, 2415
-499, 688, 2139, 638, 2418
-499, 688, 2139, 641, 2416
-499, 689, 2135, 641, 2421
-500, 690, 2140, 643, 2424
-500, 690, 2141, 643, 2427
-500, 690, 2142, 644, 2428
-501, 691, 2148, 645, 2429
-502, 693, 2148, 647, 2432
-503, 694, 2154, 647, 2435
-504, 695, 2160, 647, 2439
-505, 697, 2161, 648, 2437
-505, 697, 2161, 649, 2445
-506, 698, 2167, 649, 2447
-506, 698, 2169, 648, 2451
-507, 699, 2174, 650, 2454
-508, 702, 2170, 650, 2457
-508, 702, 2171, 651, 2455
-509, 703, 2176, 654, 2454
-510, 706, 2173, 653, 2453
-510, 706, 2173, 656, 2452
-511, 707, 2178, 659, 2450
-512, 710, 2175, 658, 2451
-513, 711, 2181, 658, 2455
-514, 713, 2182, 660, 2451
-515, 715, 2183, 660, 2454
-516, 717, 2185, 659, 2452
-516, 717, 2187, 658, 2450
-516, 717, 2189, 657, 2447
-516, 717, 2190, 657, 2450
-517, 718, 2195, 659, 2454
-517, 719, 2191, 659, 2457
-518, 720, 2197, 659, 2462
-518, 720, 2198, 660, 2466
-518, 720, 2198, 661, 2474
-518, 721, 2194, 662, 2472
-518, 720, 2199, 664, 2475
-519, 722, 2199, 666, 2478
-519, 722, 2200, 666, 2481
-519, 722, 2201, 666, 2484
-519, 722, 2202, 666, 2487
-520, 725, 2199, 666, 2488
-520, 725, 2200, 666, 2494
-521, 726, 2205, 668, 2499
-521, 727, 2202, 667, 2497
-521, 727, 2203, 667, 2500
-520, 726, 2199, 667, 2503
-521, 727, 2204, 668, 2511
-522, 729, 2205, 668, 2515
-523, 730, 2210, 671, 2513
-522, 729, 2206, 671, 2516
-523, 730, 2211, 673, 2518
-524, 731, 2217, 673, 2521
-525, 733, 2218, 673, 2524
-525, 733, 2218, 675, 2528
-526, 734, 2224, 676, 2526
-526, 734, 2225, 678, 2522
-527, 735, 2230, 679, 2530
-528, 738, 2227, 678, 2531
-529, 739, 2232, 680, 2534
-530, 740, 2238, 680, 2540
-530, 740, 2239, 680, 2544
-531, 741, 2244, 681, 2552
-532, 742, 2249, 683, 2556
-532, 742, 2250, 683, 2560
-533, 744, 2250, 684, 2566
-534, 746, 2250, 685, 2574
-535, 747, 2255, 686, 2580
-536, 748, 2260, 688, 2582
-536, 747, 2266, 687, 2590
-536, 747, 2266, 688, 2598
-537, 749, 2267, 687, 2604
-538, 750, 2272, 689, 2610
-539, 753, 2269, 688, 2608
-539, 753, 2269, 689, 2616
-540, 754, 2274, 691, 2620
-541, 756, 2275, 692, 2621
-541, 756, 2276, 692, 2624
-542, 757, 2281, 693, 2630
-543, 759, 2282, 693, 2633
-544, 760, 2287, 694, 2641
-544, 760, 2288, 694, 2644
-545, 761, 2294, 695, 2642
-546, 763, 2294, 696, 2648
-547, 764, 2299, 698, 2651
-548, 765, 2305, 699, 2649
-549, 768, 2301, 699, 2652
-550, 770, 2301, 700, 2658
-550, 770, 2302, 700, 2661
-549, 769, 2298, 700, 2664
-550, 771, 2300, 699, 2662
-550, 770, 2306, 698, 2671
-551, 771, 2311, 700, 2674
-551, 771, 2312, 700, 2677
-552, 773, 2313, 700, 2681
-552, 773, 2315, 699, 2679
-553, 774, 2320, 700, 2685
-554, 775, 2326, 700, 2689
-553, 774, 2322, 701, 2687
-553, 774, 2323, 702, 2685
-553, 774, 2323, 704, 2691
-553, 775, 2319, 705, 2690
-554, 776, 2324, 706, 2698
-555, 777, 2329, 709, 2697
-556, 778, 2335, 709, 2701
-557, 779, 2341, 710, 2700
-557, 779, 2343, 709, 2699
-556, 778, 2339, 708, 2707
-556, 777, 2344, 710, 2711
-557, 778, 2350, 710, 2715
-557, 778, 2350, 711, 2723
-557, 777, 2356, 711, 2726
-558, 779, 2356, 713, 2729
-558, 779, 2358, 712, 2727
-559, 781, 2358, 714, 2731
-560, 782, 2363, 716, 2734
-560, 782, 2363, 718, 2737
-561, 783, 2369, 718, 2740
-561, 783, 2370, 718, 2746
-562, 784, 2377, 717, 2744
-563, 785, 2382, 718, 2750
-564, 786, 2388, 718, 2753
-564, 786, 2389, 719, 2757
-565, 787, 2395, 719, 2760
-566, 788, 2400, 721, 2764
-567, 789, 2405, 723, 2768
-568, 791, 2406, 724, 2774
-568, 790, 2413, 723, 2773
-569, 791, 2419, 723, 2776
-570, 792, 2424, 724, 2784
-571, 793, 2431, 723, 2782
-572, 795, 2433, 722, 2783
-573, 797, 2434, 722, 2787
-574, 798, 2440, 723, 2786
-575, 799, 2445, 725, 2789
-575, 799, 2445, 726, 2795
-576, 800, 2450, 728, 2799
-577, 803, 2446, 728, 2805
-578, 805, 2446, 729, 2811
-578, 805, 2447, 729, 2814
-579, 807, 2449, 728, 2812
-580, 808, 2454, 729, 2820
-581, 809, 2459, 730, 2829
-582, 810, 2464, 733, 2830
-583, 811, 2469, 734, 2839
-583, 810, 2475, 735, 2843
-583, 809, 2482, 735, 2844
-583, 809, 2482, 738, 2842
-582, 808, 2478, 740, 2838
-582, 808, 2479, 740, 2842
-582, 809, 2475, 741, 2842
-583, 810, 2481, 741, 2845
-584, 811, 2486, 742, 2853
-584, 811, 2487, 742, 2856
-585, 813, 2489, 741, 2854
-585, 813, 2489, 743, 2857
-586, 816, 2485, 743, 2861
-586, 816, 2485, 745, 2864
-586, 817, 2481, 745, 2867
